iter	Logloss
0	0.506682966
1	0.3997648799
